epoch,train_loss,val_loss,train_ppl,val_ppl,train_bpc,val_bpc,generalization_gap,train_accuracy,val_accuracy,grad_norm_mean,grad_norm_max,loss_spikes,nan_steps,lr_end,epoch_seconds,train_tokens_per_sec
1,2.4185172076511523,1.8480314574528496,11.229196397609668,6.347312261855825,3.489182781782941,2.6661458190740297,-0.5704857501983027,0.3208879182215538,0.44119010562520644,0.34689521731948847,1.4100607633590698,0,0,2.9904042994976642e-05,332.5065088000265,268002.50112876255
2,1.7013462017862033,1.4738222550296733,5.481321391815938,4.3658908378384895,2.454523728152229,2.126276058483099,-0.22752394675652998,0.48476089390570415,0.5507995939425272,0.3829512696334447,0.49743324518203735,0,0,2.9480316208420175e-05,361.663146100007,246396.61784991113
3,1.4905059929333708,1.3425546018573264,4.439341226089016,3.828812113137647,2.1503456044202545,1.9368968662222217,-0.14795139107604438,0.5453210330268087,0.5875438010713311,0.4283745296972051,0.5574349164962769,0,0,2.8728845314484565e-05,363.59909509998397,245084.70235740126
4,1.3971486496703986,1.271196858667847,4.043653640216557,3.5651169510359275,2.015659428264196,1.8339494039937314,-0.1259517910025516,0.5718715616525326,0.6078314161388997,0.4558454932774071,0.5633097290992737,0,0,2.7668604439331276e-05,368.1766004000092,242037.5871339535
5,1.3421129001471286,1.2264659077854838,3.8271212937256505,3.4091599357243414,1.936259625355367,1.7694162829814983,-0.11564699236164477,0.5874787414965986,0.619999228095874,0.4749995054929523,0.5974905490875244,0,0,2.632636393998817e-05,364.6030846000067,244409.8247214839
6,1.3051714196727213,1.1952509449712045,3.68832129034648,3.304386885738061,1.8829643346718432,1.7243826109278042,-0.10992047470151678,0.5977686808200898,0.6287298227851736,0.48949750593659147,0.6936703324317932,0,0,2.4736014471142084e-05,368.28255440000794,241967.9535056415
7,1.2786194915487872,1.1723978351290452,3.5916779597000357,3.2297277156764026,1.8446579996414032,1.69141254268963,-0.10622165641974202,0.6052596885988348,0.6353041347134261,0.5008699839280949,0.6276404857635498,0,0,2.2937711269284834e-05,4867.464720999997,18307.801105478226
8,1.2588084821951786,1.1554954721504,3.5212233864463576,3.175596447399769,1.8160767546919472,1.6670275874410336,-0.10331301004477855,0.6108419758845262,0.6401403160139589,0.5098858519821488,0.6460919976234436,0,0,2.0976860260452917e-05,338.78929190000053,263032.4456249435
9,1.2433930372003905,1.1423528050502556,3.4673584040387295,3.1341337027908156,1.7938369686448699,1.6480667267916007,-0.10104023215013491,0.6153278186010468,0.644142997932015,0.5178469970581242,0.6519337892532349,0,0,1.8902971591646933e-05,350.61401690001367,254161.47588136123
10,1.230900811182486,1.1317653009328035,3.424312806627518,3.101126091749218,1.7758144961191749,1.632792187105961,-0.09913551024968248,0.6189061463109314,0.6473034292289576,0.5248900562768628,0.6718827486038208,0,0,1.6768409533478448e-05,345.6223706000019,257832.1994762671
11,1.2206732060162322,1.1230933650068293,3.389468776501463,3.074349594820733,1.7610591808656502,1.6202812281506511,-0.09757984100940287,0.6218962629921057,0.6497488394511223,0.5298029153067896,0.7406445741653442,0,0,1.462707031814758e-05,347.28423819999443,256598.38886405708
12,1.2121967717027111,1.1160932043663465,3.3608595903006657,3.0529038033588947,1.7488302711171124,1.6101821311092006,-0.0961035673363646,0.6243452551523143,0.6518298391208192,0.5342813291615873,0.7158708572387695,0,0,1.2533021296438071e-05,354.5860813000181,251314.36539552474
13,1.2052480330919162,1.110598101379723,3.337586807386415,3.0361737912195044,1.7388053603828848,1.6022543732812247,-0.09464993171219316,0.6263221029543574,0.6532976911091005,0.5382532455420248,0.7546735405921936,0,0,1.0539135774085197e-05,351.9975192999991,253162.51142114293
14,1.199840764670408,1.106188999396691,3.319588284914097,3.022816459892899,1.7310043210464192,1.5958933837155305,-0.09365176527371699,0.6278839588252954,0.6546255232791923,0.5410778980854899,0.705413281917572,0,0,8.695757996964546e-06,355.5347190000175,250643.8084320975
15,1.195429862340072,1.1026290094039435,3.3049781508375986,3.012074395711248,1.7246407341285983,1.5907574038073795,-0.09280085293612861,0.6291903288712022,0.6556248474143007,0.5432536896180528,0.721610426902771,0,0,7.04943199331276e-06,353.6206985999888,252000.45232873372
16,1.1919879067095354,1.0998732881650244,3.293622117375477,3.003785384673227,1.719675041809463,1.5867817384419185,-0.09211461854451097,0.6301743650638042,0.6564677712076171,0.544930303353206,0.683398962020874,0,0,5.641726368844676e-06,353.3982299999916,252159.08976115167
17,1.189417699161841,1.0978653583235167,3.285167694415134,2.9977600456153115,1.7159670161263492,1.5838849080171225,-0.09155234083832431,0.6308848708402279,0.6570542163916534,0.5463927449683512,0.7033451199531555,0,0,4.508184727886723e-06,354.5799165000208,251318.73479922483
18,1.1873942882858188,1.0962661679725472,3.278527170892088,2.99296988788372,1.713047851289831,1.5815777640283413,-0.09112812031327167,0.6314495161715447,0.6575079344563641,0.5473345935681677,0.6961731910705566,0,0,3.677428221674934e-06,357.6584131999989,249155.54258238338
19,1.1857543053664712,1.094909621454649,3.2731548487935385,2.988912537618525,1.7106818560649457,1.5796206810942344,-0.09084468391182221,0.6318868169628493,0.6578923157841828,0.5477547012070869,0.7310702204704285,0,0,3.1704328838595e-06,355.47447260000627,250686.28795821563
20,1.1844361123025668,1.093883497551709,3.268843041296503,2.985847116040028,1.7087801054687166,1.5781402972281253,-0.09055261475085774,0.6323091591471893,0.6581769554306148,0.5483730592834948,0.7796208262443542,0,0,3e-06,354.1059833999898,251655.0981273325
