epoch,checkpoint,checkpoint_sha256,FID_A2B,FID_B2A,MiFID_A2B,MiFID_B2A,submission_FID,submission_MiFID,combined_score,delta_vs_epoch60,percent_change_vs_epoch60,global_step,sweep_folder,delta_vs_reference,percent_change_vs_reference
60,final_generators.pt,e979e90002d17e9c9cd3e80c49a10bad4dfa82e5da20399a73d35b54b7a05b92,103.09256329850902,103.02015942255423,0.4228598177433014,0.41448909044265747,103.05636136053162,0.41867445409297943,51.7375179073123,0.0,0.0,60000,task3_gan/parth/outputs/checkpoint_sweep/task3_parth_exp05_5090_baseline_control_20260930-145628/final_generators_epoch_060,-0.8357456735350013,-1.5896781303100755
60,generators_epoch_060.pt,4dbef4e9abed8fa8d96ae74197cc7790d40be92b0c498bda2404bbb6261ae7a5,103.09256329850902,103.02015942255423,0.4228598177433014,0.41448909044265747,103.05636136053162,0.41867445409297943,51.7375179073123,0.0,0.0,60000,task3_gan/parth/outputs/checkpoint_sweep/task3_parth_exp05_5090_baseline_control_20260930-145628/epoch_060,-0.8357456735350013,-1.5896781303100755
55,generators_epoch_055.pt,4bd88c6271a956e61ec3a2eb9ac30c2cb01f05a5d93fc6f56d2eeeb5dd155e0c,102.80094545318329,103.37439754865483,0.4216497242450714,0.41506749391555786,103.08767150091906,0.41835860908031464,51.753015054999686,0.015497147687383972,0.02995340386283527,55000,task3_gan/parth/outputs/checkpoint_sweep/task3_parth_exp05_5090_baseline_control_20260930-145628/epoch_055,-0.8202485258476173,-1.5602008891577313
50,generators_epoch_050.pt,2db5f9e3f5980bc9db63fbfda63ca3287a64ae7b5a113635aa3bcfd69773b8aa,102.59500602816553,104.41916823614287,0.4242819845676422,0.4165421724319458,103.5070871321542,0.420412078499794,51.963749605326996,0.22623169801469345,0.43726817049860656,50000,task3_gan/parth/outputs/checkpoint_sweep/task3_parth_exp05_5090_baseline_control_20260930-145628/epoch_050,-0.6095139755203078,-1.1593611162886923
45,generators_epoch_045.pt,ca8311a053ddc83a225d10a22d5ce3af0f61f41b9d4b1312bf88c49c9325c68f,105.40178141090277,103.12979999448586,0.4277898669242859,0.4127156734466553,104.26579070269432,0.4202527701854706,52.343021736439894,0.605503829127592,1.1703379938178546,45000,task3_gan/parth/outputs/checkpoint_sweep/task3_parth_exp05_5090_baseline_control_20260930-145628/epoch_045,-0.23024184440740925,-0.4379447436306531
35,generators_epoch_035.pt,4677c442c07a95a7d747c2c1eafe773498ecec9a31ba7cfb4b17106c3be49054,109.61353427764865,107.33882449921633,0.4280419945716858,0.41166138648986816,108.47617938843248,0.419851690530777,54.44801553948163,2.7104976321693286,5.238940215541809,35000,task3_gan/parth/outputs/checkpoint_sweep/task3_parth_exp05_5090_baseline_control_20260930-145628/epoch_035,1.8747519586343273,3.5659797983652446
40,generators_epoch_040.pt,7dc8760de2424e0c1c6eb4d3c82e86e4aa0b960d2f35377e19d8ef9bd06338bf,110.48639188969909,108.05288931945351,0.43035823106765747,0.41626083850860596,109.2696406045763,0.4233095347881317,54.846475069682214,3.1089571623699115,6.009096083696176,40000,task3_gan/parth/outputs/checkpoint_sweep/task3_parth_exp05_5090_baseline_control_20260930-145628/epoch_040,2.27321148883491,4.323892667114263
30,generators_epoch_030.pt,106034376ee56907c39cbec4df30eab616f867a341871fc64a43f64497c94b93,107.70150277962303,114.31923605987973,0.4265051782131195,0.4111679196357727,111.01036941975138,0.4188365489244461,55.714602984337915,3.977085077025613,7.6870426682442625,30000,task3_gan/parth/outputs/checkpoint_sweep/task3_parth_exp05_5090_baseline_control_20260930-145628/epoch_030,3.141339403490612,5.975165301769504
25,generators_epoch_025.pt,3a7577ad2dcaad7b85674b5e5a9e7b297997ad182b28498a4fcb736312d3df9b,121.09938632645692,109.38798908200592,0.43005743622779846,0.41141051054000854,115.24368770423142,0.4207339733839035,57.83221083880766,6.094692931495359,11.780025749232875,25000,task3_gan/parth/outputs/checkpoint_sweep/task3_parth_exp05_5090_baseline_control_20260930-145628/epoch_025,5.258947257960358,10.00308312584235
20,generators_epoch_020.pt,032881cc1b86f303defbae6b55ff18f4bc539d153207804abd9c92736a38b372,114.53781229337224,128.7331116768483,0.4353870749473572,0.41838568449020386,121.63546198511027,0.4268863797187805,61.031174182414524,9.293656275102222,17.96308878162999,20000,task3_gan/parth/outputs/checkpoint_sweep/task3_parth_exp05_5090_baseline_control_20260930-145628/epoch_020,8.457910601567221,16.087855357430158
15,generators_epoch_015.pt,4747e8d03744d553169cd4286135648c522b0ba29161df85a7b6b33773c9bdd7,132.1606482328982,127.94626857966986,0.4396740794181824,0.42008525133132935,130.05345840628405,0.42987966537475586,65.2416690358294,13.504151128517101,26.10127364963617,15000,task3_gan/parth/outputs/checkpoint_sweep/task3_parth_exp05_5090_baseline_control_20260930-145628/epoch_015,12.6684054549821,24.096669280385445
10,generators_epoch_010.pt,cddb2e05efd98153c2b7c4bb078ed489cd98ea1b41c7001d055194cd050897f1,153.87866200245404,149.60777708534684,0.44154927134513855,0.42728373408317566,151.74321954390044,0.4344165027141571,76.0888180233073,24.351300115994995,47.067004953002034,10000,task3_gan/parth/outputs/checkpoint_sweep/task3_parth_exp05_5090_baseline_control_20260930-145628/epoch_010,23.515554442459994,44.72911293836212
5,generators_epoch_005.pt,4577bfdaabe30c85b14b0dc3e7e11ec26174da6c9516706ac7d7c4b8a315e746,218.25975889370272,155.1966939764966,0.49716106057167053,0.4202744960784912,186.72822643509966,0.45871777832508087,93.59347210671237,41.85595419940007,80.90058412617505,5000,task3_gan/parth/outputs/checkpoint_sweep/task3_parth_exp05_5090_baseline_control_20260930-145628/epoch_005,41.020208525865065,78.02484710271806
