repo_path,archive_path_in_EXP05_51_7375_ARCHIVE,sha256,bytes
reproducibility/manifests/task3_parth_exp05_5090_baseline_control_20260930-145628.json,provenance/task3_parth_exp05_5090_baseline_control_20260930-145628.json,f00f8c6487d79f03907b74308e006a56e862f60e5ad2d9bb346386dcf4af28d2,8141
reproducibility/manifests/task3_parth_exp05_5090_baseline_control_20260930-145628_pip_freeze.txt,provenance/task3_parth_exp05_5090_baseline_control_20260930-145628_pip_freeze.txt,5a76d7e9ae8b86557bcf124e25cf8425b692bb9448a997274f203e70d7f31e9c,1441
reproducibility/raw_logs/task3_parth_exp05_5090_baseline_control_20260930-145628.log,training_logs/task3_parth_exp05_5090_baseline_control_20260930-145628.log,a7be2a0646a687b06db58f5c3dd0a100d4c5cd25348aa3e8ec15b19754d7289c,163523
reproducibility/raw_logs/task3_parth_exp05_5090_baseline_control_20260930-145628_eval_final_generators_exp05_20260930-162436.log,evaluation/internal_metrics/task3_parth_exp05_5090_baseline_control_20260930-145628_eval_final_generators_exp05_20260930-162436.log,f26b705ab18eddf308f172220aa491257f5b9879dc2e60032b798c99943ffd96,3929
task3_gan/parth/checkpoint_sweep_exp05.csv,evaluation/checkpoint_sweep/checkpoint_sweep_exp05.csv,2a06553f141db9099a32f4577e5c257d4adbd90456f3f69cf416703ddc44f5a2,5574
task3_gan/parth/checkpoints/task3_parth_exp05_5090_baseline_control_20260930-145628/final_generators.pt,checkpoint/final_generators.pt,e979e90002d17e9c9cd3e80c49a10bad4dfa82e5da20399a73d35b54b7a05b92,91065867
task3_gan/parth/configs/baseline.yaml,config/baseline.yaml,505be5496a830c83659fef508039acd2d02e4f0bcdacd7c2fa81509d2c5fd287,3202
task3_gan/parth/configs/exp05_5090_baseline_control.yaml,config/exp05_5090_baseline_control.yaml,9ee53e078a263c4625181ae97d48c26d569a5c43d9578fb2a23a7537d6e12edc,446
task3_gan/parth/evaluation/campaign_reports/full_metrics_report.csv,evaluation/campaign_reports/full_metrics_report.csv,770f803caadd02b6ec44ea7656472ebdd618d9c535a13bc504a636944164429e,14046
task3_gan/parth/evaluation/campaign_reports/metrics_report.csv,evaluation/campaign_reports/metrics_report.csv,8414a17c34db7580c3a4bfd9034b2e4d10581d557d9dc6ffbb10e8aeab75e0cc,150537
task3_gan/parth/evaluation/executed/course_evaluation_exp05_executed.ipynb,evaluation/course_evaluation_exp05_executed.ipynb,bdd7aab39b6285bd978b8d187588fda72a324e7a03a83d1be0797c2eba04caa6,21293
task3_gan/parth/exp05_control/EXP-05_CHECKPOINT_SWEEP.md,evaluation/checkpoint_sweep/EXP-05_CHECKPOINT_SWEEP.md,249d88d1a5931a40c63ad29f4a09b2f54c578a90df3c82e9a6fdb22aff9f6db5,7103
task3_gan/parth/exp05_control/EXP-05_RESULT.md,evaluation/EXP-05_RESULT.md,e5e25d2ef124f249f966a3dc6d655ef86ebd18453107fdde837a0332db87d960,5440
task3_gan/parth/exp05_control/evaluation.log,evaluation/evaluation.log,3a90e44b140c38a8a68801ad9635a82cfc831032927877230b18b4e1c335380c,5985
task3_gan/parth/exp05_control/protect_snapshot.py,provenance/exp05_control/protect_snapshot.py,1a52d031bd4f8a549dc6f240bc1f4fa7930b12b53efa73f5e69b0b58b85e7491,2677
task3_gan/parth/exp05_control/protected_hashes_pre_exp05.json,provenance/exp05_control/protected_hashes_pre_exp05.json,4adf9070dbabc9e75357356b31bcdc658aea642cfe55912d464c31b8e9c733a4,88493
task3_gan/parth/exp05_control/train_console.txt,training_logs/train_console.txt,6b3671067998be2c99aaf76e1b795f191942447f44b7d66408efe3dc2fefac45,164173
task3_gan/parth/exp05_control/watcher.log,training_logs/watcher/watcher.log,11c006558ce850802bf564466c5d652e4a6dfdcf83363fb6b6088fd7efa926dd,2202
task3_gan/parth/exp05_control/watcher_state.json,training_logs/watcher/watcher_state.json,961689784b45d37f7c8bdb03899214c81365d6468b7f76beb5bd009484bb046d,3515
task3_gan/parth/exp05_control/watcher_stderr.txt,training_logs/watcher/watcher_stderr.txt,e3b0c44298fc1c149afbf4c8996fb92427ae41e4649b934ca495991b7852b855,0
task3_gan/parth/exp05_control/watcher_stdout.txt,training_logs/watcher/watcher_stdout.txt,11c006558ce850802bf564466c5d652e4a6dfdcf83363fb6b6088fd7efa926dd,2202
task3_gan/parth/experiments.csv,evaluation/campaign_reports/experiments.csv,6091dba28c9b41f0af4563e1596427914f6ebace7d985d020b709a01c5ede86d,5136
task3_gan/parth/outputs/checkpoint_sweep/task3_parth_exp05_5090_baseline_control_20260930-145628/final_generators_epoch_060/course_evaluation_executed.ipynb,evaluation/checkpoint_sweep/final_generators_epoch_060/course_evaluation_executed.ipynb,76f53f3049e50c3ea1352a80cf378e48331fa54b3d9a210949f073d8e37d9b5a,21292
task3_gan/parth/outputs/checkpoint_sweep/task3_parth_exp05_5090_baseline_control_20260930-145628/final_generators_epoch_060/course_metrics.json,evaluation/checkpoint_sweep/final_generators_epoch_060/course_metrics.json,85dc7fc7253c00b9f647dd4c23b20c8c357b86667c6244feb6617c149aa6022b,1112
task3_gan/parth/outputs/checkpoint_sweep/task3_parth_exp05_5090_baseline_control_20260930-145628/final_generators_epoch_060/course_submission.csv,evaluation/checkpoint_sweep/final_generators_epoch_060/course_submission.csv,d6041cc68c199a945d71eda6721dd7029276c61cc84071542247cf3d197a7aed,56
task3_gan/parth/outputs/checkpoint_sweep/task3_parth_exp05_5090_baseline_control_20260930-145628/sweep_summary.json,evaluation/checkpoint_sweep/sweep_summary.json,972cf8ec26fb23b34ad6a034e189b95151f4ccf2662643e0d9d61cce710ee0d1,23988
task3_gan/parth/outputs/eval/task3_parth_exp05_5090_baseline_control_20260930-145628/final_generators_exp05/metrics.json,evaluation/internal_metrics/metrics.json,1dfe7f682ca83fd6fe1c9296fe5aced7b84c1317f7dc32801f72a70c0ccf942d,10139
task3_gan/parth/outputs/plots/task3_parth_exp05_5090_baseline_control_20260930-145628/adversarial_losses.png,training_logs/plots/adversarial_losses.png,a26f1dbb864c2b68c97f087775974cda880a3dfeabed851820cf300c84c34711,91169
task3_gan/parth/outputs/plots/task3_parth_exp05_5090_baseline_control_20260930-145628/cycle_losses.png,training_logs/plots/cycle_losses.png,ed6cf2d781cb02721d06a736d9d551464d2dc0dfe0bba28f016805f485308194,94396
task3_gan/parth/outputs/plots/task3_parth_exp05_5090_baseline_control_20260930-145628/d_outputs.png,training_logs/plots/d_outputs.png,d0991b89d2e2d4b454b231659fbc6b30647aa9b663df73d90dcdd47f19c6643b,159369
task3_gan/parth/outputs/plots/task3_parth_exp05_5090_baseline_control_20260930-145628/discriminator_losses.png,training_logs/plots/discriminator_losses.png,3240c31b238dba6a518441c7dfbf8924ecb10d1c209c0cec1fac0ff6c727a5da,84785
task3_gan/parth/outputs/plots/task3_parth_exp05_5090_baseline_control_20260930-145628/generator_total_loss.png,training_logs/plots/generator_total_loss.png,1e253f1fb14291137f7f53993dc31f83793307e40a2575e8b026ec22f5f7b230,60887
task3_gan/parth/outputs/plots/task3_parth_exp05_5090_baseline_control_20260930-145628/grad_norms.png,training_logs/plots/grad_norms.png,3d9cbcd2a8c2c988462d666a857220d7b1b4475a14121f95cf3e6af0774ea0b8,154122
task3_gan/parth/outputs/plots/task3_parth_exp05_5090_baseline_control_20260930-145628/identity_losses.png,training_logs/plots/identity_losses.png,96136742e71efdec33f02eb0fe467995f6202876d55601e7a46cf52a3991336f,96380
task3_gan/parth/outputs/plots/task3_parth_exp05_5090_baseline_control_20260930-145628/learning_rate.png,training_logs/plots/learning_rate.png,309a705c0f8a5a570c23dc3bd03b25400f2c6b20fdf0cba01eac99092450dc53,40129
task3_gan/parth/outputs/runs/task3_parth_exp05_5090_baseline_control_20260930-145628/config_resolved.yaml,config/config_resolved.yaml,34cf9b2de803342670d96ec7d6f76a76659c193c97e44770f896e1aeed6b44f8,1795
task3_gan/parth/outputs/runs/task3_parth_exp05_5090_baseline_control_20260930-145628/data_report.json,provenance/data_report.json,b491b8152b07419ca17f7a30aed9ad89964e6833ae5bf93565d858ea03fe9fb0,354295
task3_gan/parth/outputs/runs/task3_parth_exp05_5090_baseline_control_20260930-145628/epoch_metrics.csv,training_logs/epoch_metrics.csv,031363839f2cdc461644da938a75f7816a0e604d588b8ebc47c96cdd1958a859,26704
task3_gan/parth/outputs/runs/task3_parth_exp05_5090_baseline_control_20260930-145628/step_metrics.csv,training_logs/step_metrics.csv,b16ed969e80f74bbb4d2a90042739e115a8f715d7dd4c2fb6c6b0638ffae4be2,2843573
task3_gan/parth/src/Task3_Parth_CycleGAN_Final.ipynb,notebook/Task3_Parth_CycleGAN_Final.ipynb,8313315c763d31a548c7937a4ac49bf27055aba02fe30d7c6f44415bb3e5852e,8012849
task3_gan/parth/submission.csv,evaluation/submission_exp05.csv,d6041cc68c199a945d71eda6721dd7029276c61cc84071542247cf3d197a7aed,56
task3_gan/parth/submission_exp05.csv,evaluation/submission_exp05.csv,d6041cc68c199a945d71eda6721dd7029276c61cc84071542247cf3d197a7aed,56
