run_id,checkpoint,direction,metric,value,status,source
task3_parth_exp05_5090_baseline_control_20260930-145628,,both,generator_parameters,22756358,MEASURED,reproducibility/manifests/task3_parth_exp05_5090_baseline_control_20260930-145628.json
task3_parth_exp05_5090_baseline_control_20260930-145628,,both,discriminator_parameters,5529474,MEASURED,reproducibility/manifests/task3_parth_exp05_5090_baseline_control_20260930-145628.json
task3_parth_exp05_5090_baseline_control_20260930-145628,,both,training_seconds,4245.34,MEASURED,reproducibility/manifests/task3_parth_exp05_5090_baseline_control_20260930-145628.json
task3_parth_exp05_5090_baseline_control_20260930-145628,,both,training_wall_seconds,5227.34,MEASURED,reproducibility/manifests/task3_parth_exp05_5090_baseline_control_20260930-145628.json
task3_parth_exp05_5090_baseline_control_20260930-145628,,both,images_per_second,28.266,MEASURED,reproducibility/manifests/task3_parth_exp05_5090_baseline_control_20260930-145628.json
task3_parth_exp05_5090_baseline_control_20260930-145628,,both,gpu_peak_allocated_mb,9028.8,MEASURED,reproducibility/manifests/task3_parth_exp05_5090_baseline_control_20260930-145628.json
task3_parth_exp05_5090_baseline_control_20260930-145628,,both,gpu_peak_reserved_mb,9784.0,MEASURED,reproducibility/manifests/task3_parth_exp05_5090_baseline_control_20260930-145628.json
task3_parth_exp05_5090_baseline_control_20260930-145628,,both,cpu_peak_rss_mb,PENDING,PENDING,reproducibility/manifests/task3_parth_exp05_5090_baseline_control_20260930-145628.json
task3_parth_exp05_5090_baseline_control_20260930-145628,,both,nonfinite_steps(NaN/Inf),0,MEASURED,reproducibility/manifests/task3_parth_exp05_5090_baseline_control_20260930-145628.json
task3_parth_exp05_5090_baseline_control_20260930-145628,,both,loss_spike_steps,38,MEASURED,reproducibility/manifests/task3_parth_exp05_5090_baseline_control_20260930-145628.json
task3_parth_exp05_5090_baseline_control_20260930-145628,,both,final_epoch_G_total,3.370084,MEASURED,task3_gan/parth/outputs/runs/task3_parth_exp05_5090_baseline_control_20260930-145628/epoch_metrics.csv
task3_parth_exp05_5090_baseline_control_20260930-145628,,both,final_epoch_adv_A2B,0.439963,MEASURED,task3_gan/parth/outputs/runs/task3_parth_exp05_5090_baseline_control_20260930-145628/epoch_metrics.csv
task3_parth_exp05_5090_baseline_control_20260930-145628,,both,final_epoch_adv_B2A,0.518259,MEASURED,task3_gan/parth/outputs/runs/task3_parth_exp05_5090_baseline_control_20260930-145628/epoch_metrics.csv
task3_parth_exp05_5090_baseline_control_20260930-145628,,both,final_epoch_D_A,0.142411,MEASURED,task3_gan/parth/outputs/runs/task3_parth_exp05_5090_baseline_control_20260930-145628/epoch_metrics.csv
task3_parth_exp05_5090_baseline_control_20260930-145628,,both,final_epoch_D_B,0.168759,MEASURED,task3_gan/parth/outputs/runs/task3_parth_exp05_5090_baseline_control_20260930-145628/epoch_metrics.csv
task3_parth_exp05_5090_baseline_control_20260930-145628,,both,final_epoch_cycle_A,0.070708,MEASURED,task3_gan/parth/outputs/runs/task3_parth_exp05_5090_baseline_control_20260930-145628/epoch_metrics.csv
task3_parth_exp05_5090_baseline_control_20260930-145628,,both,final_epoch_cycle_B,0.093288,MEASURED,task3_gan/parth/outputs/runs/task3_parth_exp05_5090_baseline_control_20260930-145628/epoch_metrics.csv
task3_parth_exp05_5090_baseline_control_20260930-145628,,both,final_epoch_idt_A,0.068934,MEASURED,task3_gan/parth/outputs/runs/task3_parth_exp05_5090_baseline_control_20260930-145628/epoch_metrics.csv
task3_parth_exp05_5090_baseline_control_20260930-145628,,both,final_epoch_idt_B,0.085448,MEASURED,task3_gan/parth/outputs/runs/task3_parth_exp05_5090_baseline_control_20260930-145628/epoch_metrics.csv
task3_parth_exp05_5090_baseline_control_20260930-145628,,both,final_epoch_gn_G_total_mean,22.692866,MEASURED,task3_gan/parth/outputs/runs/task3_parth_exp05_5090_baseline_control_20260930-145628/epoch_metrics.csv
task3_parth_exp05_5090_baseline_control_20260930-145628,,both,final_epoch_gn_D_A_mean,7.237335,MEASURED,task3_gan/parth/outputs/runs/task3_parth_exp05_5090_baseline_control_20260930-145628/epoch_metrics.csv
task3_parth_exp05_5090_baseline_control_20260930-145628,,both,final_epoch_gn_D_B_mean,6.983545,MEASURED,task3_gan/parth/outputs/runs/task3_parth_exp05_5090_baseline_control_20260930-145628/epoch_metrics.csv
task3_parth_exp05_5090_baseline_control_20260930-145628,,both,loss_curves,task3_gan/parth/outputs/plots/task3_parth_exp05_5090_baseline_control_20260930-145628,MEASURED,reproducibility/manifests/task3_parth_exp05_5090_baseline_control_20260930-145628.json
task3_parth_exp05_5090_baseline_control_20260930-145628,,B2A,kaggle_public_score,PENDING,PENDING,kaggle_results.json
task3_parth_exp05_5090_baseline_control_20260930-145628,,B2A,kaggle_private_score,PENDING,PENDING,kaggle_results.json
task3_parth_exp05_5090_baseline_control_20260930-145628,,B2A,kaggle_public_rank,PENDING,PENDING,kaggle_results.json
task3_parth_exp05_5090_baseline_control_20260930-145628,,B2A,kaggle_private_rank,PENDING,PENDING,kaggle_results.json
task3_parth_exp05_5090_baseline_control_20260930-145628,final_generators_exp05,A2B,fid_internal,81.070019,MEASURED,task3_gan/parth/outputs/eval/task3_parth_exp05_5090_baseline_control_20260930-145628/final_generators_exp05/metrics.json
task3_parth_exp05_5090_baseline_control_20260930-145628,final_generators_exp05,A2B,reference_check_fid_local_monet_vs_real_stats,NA,NA,task3_gan/parth/outputs/eval/task3_parth_exp05_5090_baseline_control_20260930-145628/final_generators_exp05/metrics.json
task3_parth_exp05_5090_baseline_control_20260930-145628,final_generators_exp05,A2B,fid_official_ref_local_approx,NA,NA,task3_gan/parth/outputs/eval/task3_parth_exp05_5090_baseline_control_20260930-145628/final_generators_exp05/metrics.json
task3_parth_exp05_5090_baseline_control_20260930-145628,final_generators_exp05,A2B,memorization_distance_official_ref,NA,NA,task3_gan/parth/outputs/eval/task3_parth_exp05_5090_baseline_control_20260930-145628/final_generators_exp05/metrics.json
task3_parth_exp05_5090_baseline_control_20260930-145628,final_generators_exp05,A2B,mifid_official_ref_local_approx,NA,NA,task3_gan/parth/outputs/eval/task3_parth_exp05_5090_baseline_control_20260930-145628/final_generators_exp05/metrics.json
task3_parth_exp05_5090_baseline_control_20260930-145628,final_generators_exp05,A2B,kaggle_style_official_ref_local_approx,NA,NA,task3_gan/parth/outputs/eval/task3_parth_exp05_5090_baseline_control_20260930-145628/final_generators_exp05/metrics.json
task3_parth_exp05_5090_baseline_control_20260930-145628,final_generators_exp05,A2B,kid_internal_mean,0.017565,MEASURED,task3_gan/parth/outputs/eval/task3_parth_exp05_5090_baseline_control_20260930-145628/final_generators_exp05/metrics.json
task3_parth_exp05_5090_baseline_control_20260930-145628,final_generators_exp05,A2B,kid_internal_std,0.000824,MEASURED,task3_gan/parth/outputs/eval/task3_parth_exp05_5090_baseline_control_20260930-145628/final_generators_exp05/metrics.json
task3_parth_exp05_5090_baseline_control_20260930-145628,final_generators_exp05,A2B,precision,0.543333,MEASURED,task3_gan/parth/outputs/eval/task3_parth_exp05_5090_baseline_control_20260930-145628/final_generators_exp05/metrics.json
task3_parth_exp05_5090_baseline_control_20260930-145628,final_generators_exp05,A2B,recall,0.355783,MEASURED,task3_gan/parth/outputs/eval/task3_parth_exp05_5090_baseline_control_20260930-145628/final_generators_exp05/metrics.json
task3_parth_exp05_5090_baseline_control_20260930-145628,final_generators_exp05,A2B,density,0.577778,MEASURED,task3_gan/parth/outputs/eval/task3_parth_exp05_5090_baseline_control_20260930-145628/final_generators_exp05/metrics.json
task3_parth_exp05_5090_baseline_control_20260930-145628,final_generators_exp05,A2B,coverage,0.060386,MEASURED,task3_gan/parth/outputs/eval/task3_parth_exp05_5090_baseline_control_20260930-145628/final_generators_exp05/metrics.json
task3_parth_exp05_5090_baseline_control_20260930-145628,final_generators_exp05,A2B,cycle_l1,0.080673,MEASURED,task3_gan/parth/outputs/eval/task3_parth_exp05_5090_baseline_control_20260930-145628/final_generators_exp05/metrics.json
task3_parth_exp05_5090_baseline_control_20260930-145628,final_generators_exp05,A2B,lpips_input_vs_output,0.298724,MEASURED,task3_gan/parth/outputs/eval/task3_parth_exp05_5090_baseline_control_20260930-145628/final_generators_exp05/metrics.json
task3_parth_exp05_5090_baseline_control_20260930-145628,final_generators_exp05,A2B,lpips_input_vs_reconstruction,0.266863,MEASURED,task3_gan/parth/outputs/eval/task3_parth_exp05_5090_baseline_control_20260930-145628/final_generators_exp05/metrics.json
task3_parth_exp05_5090_baseline_control_20260930-145628,final_generators_exp05,A2B,content_cosine,0.814683,MEASURED,task3_gan/parth/outputs/eval/task3_parth_exp05_5090_baseline_control_20260930-145628/final_generators_exp05/metrics.json
task3_parth_exp05_5090_baseline_control_20260930-145628,final_generators_exp05,A2B,inference_images_per_second,321.496648,MEASURED,task3_gan/parth/outputs/eval/task3_parth_exp05_5090_baseline_control_20260930-145628/final_generators_exp05/metrics.json
task3_parth_exp05_5090_baseline_control_20260930-145628,final_generators_exp05,B2A,fid_internal,85.093258,MEASURED,task3_gan/parth/outputs/eval/task3_parth_exp05_5090_baseline_control_20260930-145628/final_generators_exp05/metrics.json
task3_parth_exp05_5090_baseline_control_20260930-145628,final_generators_exp05,B2A,reference_check_fid_local_monet_vs_real_stats,0.074333,MEASURED,task3_gan/parth/outputs/eval/task3_parth_exp05_5090_baseline_control_20260930-145628/final_generators_exp05/metrics.json
task3_parth_exp05_5090_baseline_control_20260930-145628,final_generators_exp05,B2A,fid_official_ref_local_approx,83.781933,MEASURED,task3_gan/parth/outputs/eval/task3_parth_exp05_5090_baseline_control_20260930-145628/final_generators_exp05/metrics.json
task3_parth_exp05_5090_baseline_control_20260930-145628,final_generators_exp05,B2A,memorization_distance_official_ref,0.253846,MEASURED,task3_gan/parth/outputs/eval/task3_parth_exp05_5090_baseline_control_20260930-145628/final_generators_exp05/metrics.json
task3_parth_exp05_5090_baseline_control_20260930-145628,final_generators_exp05,B2A,mifid_official_ref_local_approx,83.781933,MEASURED,task3_gan/parth/outputs/eval/task3_parth_exp05_5090_baseline_control_20260930-145628/final_generators_exp05/metrics.json
task3_parth_exp05_5090_baseline_control_20260930-145628,final_generators_exp05,B2A,kaggle_style_official_ref_local_approx,83.781933,MEASURED,task3_gan/parth/outputs/eval/task3_parth_exp05_5090_baseline_control_20260930-145628/final_generators_exp05/metrics.json
task3_parth_exp05_5090_baseline_control_20260930-145628,final_generators_exp05,B2A,kid_internal_mean,0.012561,MEASURED,task3_gan/parth/outputs/eval/task3_parth_exp05_5090_baseline_control_20260930-145628/final_generators_exp05/metrics.json
task3_parth_exp05_5090_baseline_control_20260930-145628,final_generators_exp05,B2A,kid_internal_std,0.000856,MEASURED,task3_gan/parth/outputs/eval/task3_parth_exp05_5090_baseline_control_20260930-145628/final_generators_exp05/metrics.json
task3_parth_exp05_5090_baseline_control_20260930-145628,final_generators_exp05,B2A,precision,0.360472,MEASURED,task3_gan/parth/outputs/eval/task3_parth_exp05_5090_baseline_control_20260930-145628/final_generators_exp05/metrics.json
task3_parth_exp05_5090_baseline_control_20260930-145628,final_generators_exp05,B2A,recall,0.536667,MEASURED,task3_gan/parth/outputs/eval/task3_parth_exp05_5090_baseline_control_20260930-145628/final_generators_exp05/metrics.json
task3_parth_exp05_5090_baseline_control_20260930-145628,final_generators_exp05,B2A,density,0.326797,MEASURED,task3_gan/parth/outputs/eval/task3_parth_exp05_5090_baseline_control_20260930-145628/final_generators_exp05/metrics.json
task3_parth_exp05_5090_baseline_control_20260930-145628,final_generators_exp05,B2A,coverage,0.946667,MEASURED,task3_gan/parth/outputs/eval/task3_parth_exp05_5090_baseline_control_20260930-145628/final_generators_exp05/metrics.json
task3_parth_exp05_5090_baseline_control_20260930-145628,final_generators_exp05,B2A,cycle_l1,0.101826,MEASURED,task3_gan/parth/outputs/eval/task3_parth_exp05_5090_baseline_control_20260930-145628/final_generators_exp05/metrics.json
task3_parth_exp05_5090_baseline_control_20260930-145628,final_generators_exp05,B2A,lpips_input_vs_output,0.380107,MEASURED,task3_gan/parth/outputs/eval/task3_parth_exp05_5090_baseline_control_20260930-145628/final_generators_exp05/metrics.json
task3_parth_exp05_5090_baseline_control_20260930-145628,final_generators_exp05,B2A,lpips_input_vs_reconstruction,0.230676,MEASURED,task3_gan/parth/outputs/eval/task3_parth_exp05_5090_baseline_control_20260930-145628/final_generators_exp05/metrics.json
task3_parth_exp05_5090_baseline_control_20260930-145628,final_generators_exp05,B2A,content_cosine,0.752482,MEASURED,task3_gan/parth/outputs/eval/task3_parth_exp05_5090_baseline_control_20260930-145628/final_generators_exp05/metrics.json
task3_parth_exp05_5090_baseline_control_20260930-145628,final_generators_exp05,B2A,inference_images_per_second,518.953225,MEASURED,task3_gan/parth/outputs/eval/task3_parth_exp05_5090_baseline_control_20260930-145628/final_generators_exp05/metrics.json
