epoch,fid_photo_to_monet,mifid_photo_to_monet,precision_photo_to_monet,recall_photo_to_monet,fid_monet_to_photo,mifid_monet_to_photo,precision_monet_to_photo,recall_monet_to_photo,mean_fid,mean_mifid
5,110.35,0.4169,0.347,0.537,115.54,0.4311,0.61,0.297,112.94,0.424
10,107.89,0.4181,0.317,0.587,114.28,0.4299,0.6,0.317,111.09,0.424
15,107.96,0.4184,0.34,0.613,113.28,0.4331,0.577,0.313,110.62,0.4257
20,105.3,0.4154,0.38,0.617,104.38,0.4249,0.65,0.35,104.84,0.4202
25,103.94,0.4167,0.367,0.64,104.86,0.4222,0.633,0.363,104.4,0.4194
30,104.82,0.4155,0.357,0.67,109.55,0.4304,0.583,0.337,107.19,0.4229
35,98.95,0.4084,0.433,0.667,104.47,0.4221,0.633,0.327,101.71,0.4153
40,102.52,0.4132,0.39,0.667,101.76,0.4203,0.63,0.39,102.14,0.4168
45,101.31,0.4091,0.387,0.673,102.55,0.4199,0.633,0.367,101.93,0.4145
50,104.66,0.4166,0.393,0.607,100.69,0.4234,0.69,0.383,102.67,0.42
55,102.16,0.4109,0.4,0.687,102.96,0.4257,0.65,0.327,102.56,0.4183
60,99.53,0.4103,0.413,0.68,102.45,0.4192,0.647,0.397,100.99,0.4148
65,97.53,0.4093,0.373,0.683,100.75,0.4212,0.627,0.37,99.14,0.4153
70,97.55,0.4066,0.417,0.68,99.96,0.4173,0.69,0.363,98.75,0.412
75,97.79,0.4045,0.427,0.717,97.74,0.4174,0.707,0.33,97.77,0.411
80,96.94,0.4033,0.43,0.68,99.14,0.4169,0.717,0.357,98.04,0.4101
85,97.2,0.4024,0.397,0.663,96.47,0.4154,0.717,0.373,96.84,0.4089
90,97.3,0.4027,0.437,0.66,97.2,0.4156,0.727,0.343,97.25,0.4092
95,96.23,0.4023,0.433,0.64,95.74,0.4148,0.73,0.36,95.98,0.4085
100,96.54,0.4018,0.42,0.623,96.45,0.415,0.7,0.34,96.5,0.4084
