review_bucket,id,text,true_label,n_words_raw,n_tokens,length_bucket,has_negation,has_contrast,predicted_label,prob_positive,confidence,correct,error_type,model_name,manual_error_type,proposed_testable_fix
confident_false_positive,test_29330,"Wow love the place and everything is very clean and new!  Great place to come and relax worth a try!  Cheers,  Eric Van Nguyen Visited April 2012",0,27,18,short,False,False,1,0.9999753,0.9999753,False,false_positive,neural_cnn,,
confident_false_positive,test_5752,"NOTE:  This was a 4-star review, but the food quality and ESPECIALLY customer service have gone down the tubes.  See update below. Complaining I can't find a good meatball sub in Phoenix, I was referred to Santisi Brothers.  I was told that the meatballs are still made by the brothers' mother, so I was intrigued.  Santisi Brothers did not disappoint.  That sub was so freaking good!!!  I got the 1/2 sandwich, which included two meatballs smothered under mozzarella and marinara on a toasted baguette-type roll.  Amazing.  The bread was soft inside with just the right crust, the meatballs were sizable (that's what she said!), and they did not scrimp on the mozzarella.  Since this is their only location in the valley, we will be sure to be back.  (It's right off I-17, close to the 101, so that's not hard.) If you like sports, go!  This place has each wall covered in TVs - huge to 13"""", they don't spare a bit of viewing area.  The only reason I gave 4 stars instead of 5 is because the seating leaves a bit to be desired.  We sat at a hightop table with stools.  Next are a row of tables with nicer chairs (with backs), and the row closest to the TVs - who wants to sit there?  Music - we could hear each other, but agreed a table of four might have to shout.  Our server, Ariel, was very enjoyable, nice, and attentive. Big beer and bar selection.  Husband's Kiltlifter was in a huge beer mug and he was happy to see a few IPAs.  I had a John Daly that was verrry tasty.  It's one of those sneaky super-yummy drinks...  Sweet iced tea, lemonade, and vodka - I'll be stealing that recipe this summer! Husband had the turkey club, which was large enough to be funny to watch him eat, but he said it was unremarkable.  Side of fries were also really, really good.  Perfect amount of potato, crispiness, and salt.  We also had garlic knots, which are served with marinara and pretty tasty, but left me wishing there was a little ball of mozzarella in the middle.  House salads were... house salads.  Nothing special there. To review: great for sports (I'm sure they can spare a TV for your game), may want to go early for good seats, good bar, and some great food.  EAT/DRINK:  Meatball sub, french fries, and a John Daly.  All wonderful. PS - Kitchen is open till 11pm Sun-Thu, midnight Fri-Sat.",0,417,216,long,True,True,1,0.99915254,0.99915254,False,false_positive,neural_cnn,,
confident_false_positive,test_18122,"20 years for me and sad to see them go.  Sadder still to see a great traditional Japanese sushi restaurant end, and not carry on the tradition.  We would go here for consistently great fresh fish and great service.  They have also trained many young sushi chefs through the years here in Phoenix.  Great Japanese food isn't about fancy rolls and combinations, but about great fresh ingredients.  END OF AN ERA.  I agree.",0,73,38,medium,True,True,1,0.9990633,0.9990633,False,false_positive,neural_cnn,,
confident_false_positive,test_37771,"I have to say I love cafe rio! Their food is simple yet delicious, the service is great as well as consistent, and my appetite and tummy are always satisfied. However I've been to this location 3 different times and have not experienced any of these.. Even though it may be convenient for many of us here in henderson, please listen to the other reviews and DO NOT EAT AT THIS LOCATION ! New management is highly needed",0,78,31,medium,True,True,1,0.99887043,0.99887043,False,false_positive,neural_cnn,,
confident_false_positive,test_12480,"my husband had an omelette that was good. i had a blt, a little on the small side for $10, but bacon was great. Our server was awesome!",0,28,11,short,False,True,1,0.9980787,0.9980787,False,false_positive,neural_cnn,,
confident_false_negative,test_30793,"This place is so much better since they changed owners.  My wife and I went when it was the old owners, it was terrible.  We waited forever and the food never came before we walked out.  People were served before us that walked in after and my wife actually got her soup before me and I sat and waited while they """"made more"""".  It was horrible.  Now its much better.  The staff are very friendly, they treat their customers very well and I have nothing but positive things to now say about this place.  Its much better with the new owners.",1,101,38,medium,True,True,0,0.00015882253,0.99984115,False,false_negative,neural_cnn,,
confident_false_negative,test_22807,"EDIT: They really did change the service up since I last posted this.  Horrible service.  Used to be my favorite pizza in the city (at a reasonable price), but I'm rethinking that. We just had an altercation with a server who refused to split a check when we were paying with cash. He then proceeded to disrespect the party at the table, telling us to 'not give him attitude about it.'  Sorry Bella Notte, but we're not children. I don't care if you're working hard - it doesn't give you any excuse to disrespect your paying customers like that.",1,99,47,medium,True,True,0,0.00033526638,0.9996647,False,false_negative,neural_cnn,,
confident_false_negative,test_33573,"For being a DUMP, should expect much more.  Flys, stink, garbage, dirt, and everything that comes with.  Salt River... Keepin it real dumpy!",1,23,12,short,False,False,0,0.00039222906,0.99960774,False,false_negative,neural_cnn,,
confident_false_negative,test_9438,"All they need to do is add a Forever 21, and then I will never have to go to ghetto Fiesta Mall or drive through god-awful traffic to the Chandler Mall!",1,31,14,short,True,False,0,0.00048468274,0.9995153,False,false_negative,neural_cnn,,
confident_false_negative,test_11398,"Drinks & appetizers, that's my advice. I like their beet salad..but the green beans are raw (or always undercooked?) and they make the salad annoying to chew/eat every time, otherwise that salad is one to try.",1,36,19,short,False,True,0,0.0006829828,0.999317,False,false_negative,neural_cnn,,
near_threshold,test_34487,"After reading the other yelp reviews I was looking forward to trying this place.  I generally like asian food. Unfortunately it didn't deliver  I had the chicken teriyaki bowl on brown rice.  The flavors didn't mix well.  The teriyaki seemed more like straight soy sauce and the carrots were raw.  I also ordered the lettuce wraps (I was hungry) which were slightly better.  The sauce was flavorful but the chicken filling seemed like they put it in the blender for too long.  There aren't a lot of great food options in the Charlotte airport but unless you are craving Asian stir fry, I would look elsewhere",0,106,55,medium,True,True,1,0.50012237,0.50012237,False,false_positive,neural_cnn,,
near_threshold,test_32335,"Even though the restaurant was empty, they hostess let us know that the only tables available were the outdoor tables by the waterfall.  They had a minimum of $150 pp, so we figured we might as well splurge on a meal and get the tasting menu.  The service was great, as were the drinks.  The food definitely did not meet my expectations.  Perhaps the fish in Houston is fresher, but the food at Mizumi just didn't do it for me.    They asked if we had any food allergies, and I told them I was allergic to peanuts.  Since I couldn't have the dessert that was part of the tasting menu, they brought out sorbet for me (and charged me for it!!).",0,121,45,medium,True,True,1,0.50020707,0.50020707,False,false_positive,neural_cnn,,
near_threshold,test_1372,I work in the industry; needed to get nose pad replacements for expensive wire frames I wear everyday; they charged me 24 dollars with tax;  I could get them for free at most optical shops;  enough said.,0,37,19,short,False,False,1,0.5003647,0.5003647,False,false_positive,neural_cnn,,
near_threshold,test_32304,"Wife and I were able to stop by, and try a few things. We had their chicken and waffles, they were OK! I kept on saying to my wife, man I have had this before. chicken reminded me of another time!! Finally hour in a half later, it struck me!!! Chicken tasted just like Swanson frozen tv dinner!!! I grew up on that! So you can take that any way you want! You need to eat the pretzels with no salt. Comes with way to much! The pretzels rolls were probably the best dinner rolls I have ever had. Since I was driving, it was a no beer night! Would like to come back and try some brats and beer. Outdoor patio is the best, on cool nights they have a great fire pit! Plenty of room, Until next time and a second visit!  Later,",1,145,66,medium,True,False,0,0.49954125,0.5004587,False,false_negative,neural_cnn,,
near_threshold,test_23084,"Last week my neighbors and my husband and I enjoyed a few quick beers at Jacks???, then went to have a bite at Yo Rita;s, Service was a little off, thought we were upsetting the waitress? The Taco's were really good, but when all the chips and salsa were gone I really do not think a Taco is quite enough, I know, we all say less food but if we were informed to order a salad or app we sure would of. Just sayin.",0,84,38,medium,True,True,1,0.50064075,0.50064075,False,false_positive,neural_cnn,,
slice:has_contrast,test_10621,I really enjoyed myself here! Went with my girlfriends and they waived the cover but I'm sure they do that for groups of girls anyway. We danced the night away and the crowd was drama-free! Drinks were expensive but we didn't exactly pay for any so I can honestly say my low-cost night at Tao was just lovely.,1,58,29,medium,True,True,0,0.32625556,0.67374444,False,false_negative,neural_cnn,,
slice:has_contrast,test_8361,"How disappointed I was to hear that the best restaurant in Vegas closed its doors forever.  When I ask myself, what is the best thing I've ever eaten?  I immediately answer...everything from Rosemary's.  I've purchased the Rosemary's cookbook """"Food of Love"""" and tried to duplicate some of the recipes.  A feew successfully, others, not so.  But knowing how much time, energy, and detail went into each and every one of their dishes, I completely understand why it was so amazing.  What I cannot understand is why they closed.   Until Michael and Wendy grace Las Vegas with their talents once more, I will begrudgingly patronize one of the overpriced and played out celebrity chef locations when I visit Vegas.  C'est la vie.",1,121,57,medium,True,True,0,0.4235403,0.5764597,False,false_negative,neural_cnn,,
slice:has_contrast,test_20227,"I offer up this haiku review...  Drinks on Friday Night Only non-employee there Two Ales and I left.   Let me 'splain...most places have happy hour and there is a crowd. I have been to others and it begins filling up at 4pm. The sign on the door said Arizona's longest happy hour - beginning at 2pm. That's nice, but apparently if you build it, they won't come. Friday night and I was there at 4. Everyone else there was an employee. Really? How can you get happy with yourself? Another guy came in, but he was evening help. Mike, who was very personable told the guy it has been a good day. The other guy said really? How so? He said he had a good lunch, a nice pop...and Mark came in...normally I do draw a crowd, but I must have been off tonight. I went with the recommended Whale Ale. The glass was big and heavy. Mike explained that all of the beers are served cold and the extra thick glass ensures they stay that way. Get there at 11 AM, he said, and it is excellent. The menu looked good-  Mike recommended the fish & chips, which are a favorite of mine, but I was leaning toward the crab reuben. Just sounded different - crab salad, ham and swiss - interesting. I had a second Wale Ale while thinking it over. Instead, nearing 5 pm, the place was still just me - so I requested the check and left.   They have events such as the Saturday night disco night and the Wednesday happy hour. Maybe one of those nights would be nice. The place was cool and the beer was good. I would like to try the food, but I don't want to go it alone. Anyone want to tag along?",0,303,138,long,True,True,1,0.7999777,0.7999777,False,false_positive,neural_cnn,,
slice:has_contrast,test_8938,"I will say that I do go here, though very sporadically. I gave it two stars, but it's because of my tastes, which I will explain in detail.  When I do go, it's always early in the evening. I don't like going to this bar when it's crowded, as it's excessively crowded. It's worth a trip if you're into the scene or are visiting Phoenix and want to experience the scene. This is definitely one of the Valley's landmark bars. If you're going alone and don't mind spending the evening by yourself (i.e. people-watching) it really isn't that bad. If you want to mingle with people, this bar isn't a great atmosphere for that. People generally go in cliques and you'll notice that the bar is full of clique-clusters. It definitely is not one of the friendlier bars in the Valley. It also seems to have an """"instant snob"""" effect on people.   Now, for pluses... Amsterdam does have a beautiful outdoor area, which is suitable for smokers. You can not only take your drinks out there, but there is an outdoor bar at which you can get drinks. It's a nice area to have drinks in the spring, fall and early/late summer. Most of the summer it can still top 100 degrees even late at night and winter nights do get chilly. Amsterdam does have a nice interior as well. They also have an extensive, unique drink menu.  Amsterdam does have a different crowd earlier in the evening than it does late nights. If I were to focus solely on the evening atmosphere and if that were my only experience, I could honestly give Amsterdam more stars. The dense crowds aside, the """"pretentious"""" environment and """"go to be seen"""" atmosphere make it harder to enjoy. I've largely gone to bars based on the general environment and comfort, which is why it's harder for me to make Amsterdam a focus-point on a night out. If I'm in the area and feel like a drink, and it's early in the evening, I might be more inclined to stop in.",0,347,151,long,True,True,1,0.84852064,0.84852064,False,false_positive,neural_cnn,,
slice:has_contrast,test_34683,"Everyday Noodles has a lot going for it:  Fast, friendly service, attractive decorations, impeccably clean just renovated interior, reasonable prices and convenient location.  They only have one issue, bland, plain food.  The textures and temperatures were right, but between us, my dinner party tried about a dozen appetizers and entrees and the flavors were consistently very simple and tame.    Plenty of people don't like intense flavors, and this would be perfect for them.  When they go, they'll only spot me at Everyday Noodles if I'm walking by it, on my way to How Lee or the Raman Bar across the street for more flavorful, adventurous fair.",0,106,56,medium,True,True,1,0.9741432,0.9741432,False,false_positive,neural_cnn,,
