session,epoch,global_step,lr,G_total,adv_A2B,adv_B2A,cycle_A,cycle_B,idt_A,idt_B,D_A,D_B,D_A_pred_real,D_A_pred_fake,D_B_pred_real,D_B_pred_fake,gn_G_total_mean,gn_G_total_max,gn_D_A_mean,gn_D_A_max,gn_D_B_mean,gn_D_B_max,nonfinite_steps,spike_steps,d_saturated_frac,epoch_train_seconds,images_per_sec,gpu_peak_allocated_mb,gpu_peak_reserved_mb,cpu_peak_rss_mb
initial,1,1000,0.00020000000000000367,9.274376550197601,0.41171215499192476,0.48534173449128865,0.27701303742825983,0.29398040141165255,0.2626364682912827,0.27084118185192346,0.3424920610785484,0.3243775359541178,0.5912120600454509,0.398012010400591,0.552415016643703,0.4367575359344482,51.2644535932129,283.951853282832,16.75088018274307,243.022216796875,16.41120061969757,264.0125732421875,0,0,0.0,73.582,27.181,8539.7,8550.0,
initial,2,2000,0.00020000000000000367,8.007590073108673,0.41825911820307377,0.475719171077013,0.23904542208462953,0.2505348107889295,0.22302651259303094,0.22053537423908712,0.22612349643558263,0.24386050151661037,0.6443995187655092,0.35096416796790436,0.6012209890354425,0.39784979324694725,40.91490544616392,161.39832713077817,15.626588449478149,52.35894012451172,15.594804061889649,60.5391731262207,0,0,0.0,76.925,25.999,9028.8,9784.0,
initial,3,3000,0.00020000000000000367,7.434565749168396,0.45207721640728415,0.4361013918817043,0.2175516106635332,0.23142602734267712,0.2057734295502305,0.20554872228950263,0.22202341787889598,0.22620178505405783,0.6428637714483775,0.3548459616566543,0.6369814435709268,0.36069589625345544,36.21239891168166,108.2843186169203,14.61017467713356,46.32556915283203,15.625514266252518,67.22441101074219,0,1,0.0,70.505,28.367,9028.8,9784.0,
initial,4,4000,0.00020000000000000367,7.054791428804398,0.4333170264959335,0.4379198453295976,0.20592541728168726,0.2178838897049427,0.19640589567273856,0.19268640071153642,0.22009195168316364,0.22440193022228777,0.6480326248407364,0.3493390247601783,0.6358928817892447,0.36283474433247465,33.89756467891662,101.451219874596,14.314573991060257,48.174564361572266,14.563862404108047,46.625858306884766,0,0,0.0,70.343,28.432,9028.8,9784.0,
initial,5,5000,0.00020000000000000367,6.766496341943741,0.4429887299761176,0.43531966616678985,0.1969784304201603,0.20477273968607188,0.18946370252966882,0.18467154365405442,0.21977332677319647,0.2187598856780678,0.6423432038966567,0.35354263684980103,0.6422337371265167,0.3560209661431145,32.32685898147836,144.17975151484262,13.722631285429001,46.677547454833984,13.829418021321297,41.808204650878906,0,1,0.0,68.231,29.312,9028.8,9784.0,
initial,6,6000,0.00020000000000000367,6.55015873503685,0.42988873556721957,0.41924462709110233,0.19082647194713354,0.19769047218561173,0.18330938982963563,0.179861797131598,0.218769058637321,0.2218706803191453,0.6383352982774377,0.35868079258941,0.6368584818840027,0.3604264306196419,30.906556923771532,193.5899759619523,12.848748618125915,42.987918853759766,13.782587914466857,40.14057159423828,0,0,0.0,69.536,28.762,9028.8,9784.0,
initial,7,7000,0.00020000000000000367,6.327565106630325,0.43406383010186256,0.4264941120129079,0.18145866698026658,0.19134458412230015,0.17801649931818248,0.16977843026071787,0.21480603646300733,0.22142404019460082,0.6444586690014694,0.35236659551558114,0.6345323800919578,0.3629676234111539,30.502872816010157,66.02488684895859,12.212621932506561,49.15438461303711,13.452161482334137,47.390174865722656,0,2,0.0,68.89,29.032,9028.8,9784.0,
initial,8,8000,0.00020000000000000367,6.167564512491226,0.4183635444333777,0.4170148647064343,0.17768675695359706,0.18508273146301507,0.17529020991921423,0.16560803093761206,0.21295384206436574,0.22514011358469724,0.6426717571616173,0.355587969059241,0.6224166329402943,0.37296308197441974,29.991349845515074,142.76273381961497,11.741012258291244,36.2221565246582,12.391620163798333,46.39696502685547,0,2,0.0,68.268,29.296,9028.8,9784.0,
initial,9,9000,0.00020000000000000367,6.0008546712398525,0.4247237833449617,0.41948213998042044,0.17387083788961172,0.17669107507169246,0.17218194583803414,0.15802397555485367,0.21034536295756698,0.22174037141352892,0.6474189507970587,0.34975676033679337,0.6300620477842167,0.36846509837343183,29.088679068493715,82.78919247097687,11.399488012313842,35.00572204589844,12.249515707015991,44.80268859863281,0,0,0.0,68.878,29.037,9028.8,9784.0,
initial,10,10000,0.00020000000000000367,5.870927686691284,0.4177233831705526,0.43004106167517603,0.16649511914700268,0.17532403398305177,0.1655567589327693,0.15543758296966553,0.20613740791752935,0.21951136190071702,0.6520071958433836,0.3468122767340392,0.6312447983791645,0.3662959665139206,28.379113830546682,107.05286792169224,10.69471765089035,34.21929931640625,12.084829269647598,40.99653625488281,0,1,0.0,69.972,28.583,9028.8,9784.0,
initial,11,11000,0.00020000000000000367,5.614680753707885,0.40647235549241306,0.41304877050966027,0.1611566868275404,0.16481326192617415,0.15951329079270363,0.1475787330828607,0.20604234549775718,0.22208884928468614,0.6476327158454805,0.35136062088049946,0.6202651082484517,0.37781919645005835,27.58127843390111,71.62900912570223,10.22222915661335,34.51061248779297,11.462634083271027,39.827178955078125,0,2,0.0,70.557,28.346,9028.8,9784.0,
initial,12,12000,0.00020000000000000367,5.626701295614242,0.4166592306280509,0.4209736690316349,0.16293405642360448,0.16323458161205054,0.1602180257961154,0.14525837372615932,0.20567854359932244,0.21813029539771378,0.6468562179328874,0.3522030291141418,0.6291603907719254,0.3688134969167877,27.56239195206894,82.7607368130327,9.749104395270347,29.738801956176758,11.323694494724274,38.899452209472656,0,1,0.001,68.535,29.182,9028.8,9784.0,
initial,13,13000,0.00020000000000000367,5.439172322273254,0.418805967470631,0.41436812377441673,0.154298158288002,0.1591158055625856,0.1527050021402538,0.14166671546176077,0.19370956923998892,0.2144839558713138,0.660148586440424,0.33970225897262574,0.6326436869055033,0.36694724726100686,26.56830340696413,56.57389079948046,9.162249925851821,30.019840240478516,10.800138520240784,40.635196685791016,0,0,0.0,69.664,28.709,9028.8,9784.0,
initial,14,14000,0.00020000000000000367,5.41746143078804,0.4234796295445412,0.42484431472979484,0.15249298918247223,0.15897118250280617,0.1500099282488227,0.14088922294601797,0.19159941247478127,0.21335246615111828,0.6629204344674945,0.3375691194482497,0.638366308587836,0.3615326346026268,26.554264670560663,56.09353341668355,8.731659801721573,26.90996551513672,10.766382131814957,37.36769485473633,0,1,0.0,69.323,28.851,9028.8,9784.0,
initial,15,15000,0.00020000000000000367,5.278527141809463,0.42501756811048835,0.4073178241364658,0.14710458125919104,0.15585301533341409,0.14619846147298812,0.13712469489499926,0.18977412362955512,0.2125414447467774,0.6617731025023386,0.3397747820225777,0.6362744511561468,0.3632621959246462,26.33755189816795,51.99667518311602,8.108998007178307,33.430477142333984,10.379081808209419,38.496788024902344,0,1,0.0,69.56,28.752,9028.8,9784.0,
initial,16,16000,0.00020000000000000367,5.237262030124664,0.41164286827109753,0.4278237729035318,0.14435124245285988,0.15586831060051917,0.14206938803195954,0.13705058179795743,0.18854019514098763,0.21206327367387712,0.6610293554514647,0.3393070455720881,0.6356496655186639,0.36330731016927165,25.84030609316578,68.58552691582932,7.837347905158997,28.575702667236328,10.043622987151146,39.63127136230469,0,1,0.0,68.743,29.094,9028.8,9784.0,
initial,17,17000,0.00020000000000000367,5.150667964935303,0.41536628946196286,0.4210342787690461,0.1434205616787076,0.15090565648674964,0.14094270984828472,0.13325832829251885,0.18930941164866089,0.20767531997337937,0.662733076208271,0.3374734820785234,0.6440144232771999,0.3540859056657646,25.73360243811676,51.60567554369803,7.720405072450638,23.69225311279297,10.150025830507278,39.48617172241211,0,2,0.0,68.782,29.077,9028.8,9784.0,
initial,18,18000,0.00020000000000000367,5.1168404619693755,0.4255957140699029,0.4123996627163142,0.14061639902740716,0.1515442422479391,0.13790287494659423,0.1335448565557599,0.18657140648551285,0.2056026044059545,0.6618349654870108,0.3381278156634071,0.6462092585490318,0.35512274664582216,25.24697629997903,64.80559376075095,7.269584660768509,22.587661743164062,9.807777382135392,34.57395935058594,0,1,0.0,68.945,29.009,9028.8,9784.0,
initial,19,19000,0.00020000000000000367,4.9940987029075625,0.41035309769585726,0.4003235576208681,0.1383228156492114,0.14741323553398253,0.13589213606342673,0.12932016918063163,0.1849627591278404,0.20384433870390056,0.6605378021337092,0.33992637432110495,0.6399568779049442,0.3596648483137833,24.854509537004045,71.74260069468662,7.088368390083313,18.31011390686035,9.257383140206336,28.50328254699707,0,0,0.0,69.051,28.964,9028.8,9784.0,
initial,20,20000,0.00020000000000000367,4.972633515834809,0.411083335085772,0.4084368629977107,0.13521256221085787,0.14868208809196948,0.13271487022936343,0.13011849083006383,0.18888780251331627,0.20544457112811507,0.6548930348064751,0.3461428002620232,0.6458343927999959,0.35446350741776406,25.14924455139282,57.378848633010996,7.115350314497948,24.22395896911621,9.415732729911804,33.70524978637695,0,0,0.0,68.809,29.066,9028.8,9784.0,
initial,21,21000,0.00020000000000000367,4.92426465678215,0.43396863098815086,0.43446945440396667,0.13345105499029158,0.1436085483133793,0.13115873684361576,0.12588737123832106,0.17138763870485127,0.19959775417111814,0.6892656283676625,0.3116788535194937,0.6553033147898968,0.34516593105503124,24.512395596441934,51.39053742224692,7.102032808423043,21.80571746826172,9.385665383577347,31.158151626586914,0,0,0.001,69.096,28.945,9028.8,9784.0,
initial,22,22000,0.00020000000000000367,4.88781512093544,0.40941621411964296,0.45126614658348263,0.1302984272390604,0.14470772485807537,0.12971390219405293,0.12570034324750304,0.16290433277003466,0.20321133610885592,0.7084546960368753,0.29130562376836316,0.645987657439895,0.35530562800915505,24.289762746401706,54.273061287469616,7.154794076561928,25.112957000732422,9.027956462860107,28.453554153442383,0,3,0.0,68.778,29.079,9028.8,9784.0,
initial,23,23000,0.00020000000000000367,4.887884409427643,0.4266998525932431,0.5046208961978554,0.1295390840433538,0.14137873682752253,0.1267112158536911,0.12276587471552193,0.146699126586318,0.19864240995701402,0.7335602042116225,0.266644467066857,0.6496126129361801,0.34993379214411835,24.435803225779143,65.38791690083674,6.959239630103111,19.252927780151367,8.702172142505646,26.90693473815918,0,0,0.0,70.896,28.21,9028.8,9784.0,
initial,24,24000,0.00020000000000000367,4.787320153951645,0.4185605026576668,0.4810334525052458,0.12586836709082128,0.13997912894189357,0.12430681480467319,0.1215434318073094,0.14996676155924796,0.2004323586113751,0.7285334776118397,0.27155263132695107,0.6495202131927945,0.35086934238136747,24.17632436058326,66.72690886538365,6.9930333873033526,23.63569450378418,8.899829133033752,28.696348190307617,0,1,0.0,69.957,28.589,9028.8,9784.0,
initial,25,25000,0.00020000000000000367,4.826289128541946,0.43517683531623336,0.4763133468553424,0.12582639717310667,0.14175008146092297,0.12396742458269,0.12383940578997135,0.15395981629937888,0.191540451541543,0.7176012696083635,0.28225552957854233,0.6628503987304867,0.3370611100349342,24.38384498606243,80.24770026537905,6.87065096271038,20.40709686279297,8.558156381368637,25.53030776977539,0,0,0.0,72.133,27.727,9028.8,9784.0,
initial,26,26000,0.00020000000000000367,4.69134707736969,0.426632000528276,0.4655484341904521,0.12270490964502097,0.13669004265218973,0.12127392703294754,0.11976949490979313,0.16127180462144317,0.1946564192837104,0.7055885869711638,0.2943330584471114,0.6598795747105032,0.34082138423624564,23.447323891746187,64.27587533117497,6.94522497010231,20.55792236328125,8.614693937659263,30.848369598388672,0,1,0.0,68.4,29.24,9028.8,9784.0,
initial,27,27000,0.00020000000000000367,4.731524470090866,0.4311749060433358,0.45090931238420306,0.12269195355474949,0.13935100207105278,0.12156432729586959,0.12423781166225671,0.162942281415686,0.19040523167978973,0.6990518262982368,0.3007436144095845,0.6643596388439182,0.3355281191900722,23.64570847290411,55.82077837538307,6.873828079223633,20.76433753967285,8.42231857430935,29.063064575195312,0,1,0.0,68.533,29.183,9028.8,9784.0,
initial,28,28000,0.00020000000000000367,4.7043019926548,0.43449577351659535,0.43272475539520383,0.12116608110815287,0.14073923432826996,0.11954531124979258,0.12406034760922194,0.16466334285587073,0.19015667460113764,0.6956081150397658,0.3047552211144357,0.6662313267365098,0.33407152377662713,23.74505939505113,78.35858509013659,6.884995319843292,20.48804473876953,8.513151027321815,28.01277732849121,0,1,0.0,67.883,29.463,9028.8,9784.0,
initial,29,29000,0.00020000000000000367,4.622963445186615,0.46306761862710116,0.45352369957603517,0.12020338828489184,0.1328929480612278,0.11883409653604031,0.11624765391275287,0.16167798376642167,0.18280385230481624,0.7046554848402738,0.2956392118750373,0.6769994260938839,0.32205710681981875,23.484186812889885,54.382570211409266,6.98179026556015,19.32114028930664,8.118583383083344,33.74980163574219,0,1,0.0,68.346,29.263,9028.8,9784.0,
initial,30,30000,0.00020000000000000367,4.608658136606216,0.4846956767048687,0.4532923575099558,0.1181017848700285,0.1327580419331789,0.11537429789453744,0.11704006834700703,0.16536122631840408,0.1757378968950361,0.697329271171242,0.30255253906082363,0.6871560606891289,0.312338052255509,23.3301221959067,66.78233069937643,6.9584652935266496,22.559894561767578,8.04008905851841,23.703588485717773,0,0,0.0,70.722,28.28,9028.8,9784.0,
initial,31,31000,0.00019354838709677804,4.580615966558456,0.4743912378940731,0.4316001178994775,0.11615700739994646,0.13482289296761155,0.11479830506443978,0.11816681500151753,0.17003679559379817,0.17278067831508814,0.6828892084714026,0.31734258687635886,0.690866485580802,0.3089758838710841,23.391532286817892,90.77926283909228,6.674249437212944,17.491243362426758,7.855255121350289,25.25144386291504,0,0,0.0,69.414,28.813,9028.8,9784.0,
initial,32,32000,0.0001870967741935474,4.402908000230789,0.4363449529372156,0.40682680091634393,0.11135801799967884,0.1313452344723046,0.11105337750911713,0.11548736674711108,0.17461816801130772,0.18720621312782168,0.6767437551878392,0.32360724020248743,0.6647380076572299,0.3338504901957931,23.09623576133712,56.278703050784245,6.7867857835292815,19.143766403198242,7.764180660486221,24.53376579284668,0,1,0.0,69.54,28.76,9028.8,9784.0,
initial,33,33000,0.00018064516129032162,4.363959951162339,0.4273966080360115,0.4231799168828875,0.110511881981045,0.12911189747601748,0.11024415800347924,0.11318496670201421,0.17343244279175996,0.18581273450516164,0.6746283890828491,0.32560914546716957,0.6629904476582306,0.3376853923137533,23.146439439504253,52.63846752932017,6.561391042590142,17.895477294921875,7.401426833629608,26.926416397094727,0,1,0.001,69.849,28.633,9028.8,9784.0,
initial,34,34000,0.00017419354838710027,4.339862528562546,0.4364955381564796,0.44805818247422574,0.1078561583943665,0.1279148961417377,0.1071092597283423,0.1124103901386261,0.1636814204659313,0.18663853082619608,0.6924034719765186,0.3080244867196307,0.6598352795187384,0.33943830408225767,22.72291319592821,65.48197706324609,6.485544679760933,20.415393829345703,7.386337002038956,22.05674171447754,0,0,0.0,69.695,28.697,9028.8,9784.0,
initial,35,35000,0.0001677419354838736,4.269639441728592,0.4304682102706283,0.4542114478144795,0.10672121550887823,0.12428229866921901,0.10630922498553991,0.10867570452392102,0.1637479940392077,0.18581265523657203,0.6917427741046995,0.3077800078587425,0.6579801145298406,0.34243482773855793,22.604278630928295,50.83863846518254,6.4690005842447285,20.927642822265625,7.150032785415649,22.11703872680664,0,1,0.0,73.326,27.276,9028.8,9784.0,
initial,36,36000,0.00016129032258064543,4.279238029956818,0.42600812193378806,0.4625697106216103,0.10392541525512934,0.12717586462199687,0.1037397446334362,0.11218973099812865,0.158771983159706,0.1800701790228486,0.6995662034787238,0.30029994684235134,0.6673274907507002,0.333415955026634,22.769327560448804,54.87104246603039,6.414190958380699,19.22012710571289,7.0960649268627165,23.83875274658203,0,2,0.0,73.008,27.394,9028.8,9784.0,
initial,37,37000,0.00015483870967741855,4.1897006268501285,0.4309339919965714,0.449193895580247,0.1014235071465373,0.12387133454531431,0.10206649204716087,0.10925836984068155,0.16139936386235057,0.18159967530425639,0.6936516952477395,0.3060774395755725,0.6677342220796272,0.33268468094873244,22.83683151826884,64.0466017340877,6.578006008267403,22.8034725189209,7.184266128659249,22.53472900390625,0,0,0.0,69.601,28.735,9028.8,9784.0,
initial,38,38000,0.0001483870967741968,4.145530321359635,0.4420491995494813,0.4299133768193424,0.1005722862072289,0.12283613752573729,0.09967255272716284,0.1082241468243301,0.16599065208248795,0.17226520326919853,0.683744332127273,0.3170144228553254,0.6782569525279105,0.32154739110024094,22.89626950709317,69.51459615888932,6.536696902155876,18.486103057861328,7.064508991003036,24.114425659179688,0,1,0.0,67.918,29.447,9028.8,9784.0,
initial,39,39000,0.0001419354838709686,4.154217831850052,0.4456402263455093,0.4319415765143931,0.10106993433460593,0.12262286838516592,0.09960989571735263,0.10833170368522406,0.16622510726563633,0.16856269126851112,0.6829791716113687,0.3174261702289805,0.6861088909376413,0.314637721644438,23.154926664752715,70.68489048924357,6.47214792251587,20.435544967651367,7.06568755865097,22.3219051361084,0,1,0.0,68.93,29.015,9028.8,9784.0,
initial,40,40000,0.00013548387096774383,4.0644660789966585,0.46644882928207515,0.43266734131611884,0.09661384496837855,0.11837142267078161,0.09696174734085798,0.10613769735395909,0.16898211118392648,0.15723902175296098,0.6765468995049596,0.32338908194744725,0.7042846664562822,0.2958672128855251,22.715613416150802,102.69135607556946,6.563832470178604,27.364253997802734,6.934759403824806,20.92123031616211,0,0,0.0,69.485,28.783,9028.8,9784.0,
initial,41,41000,0.0001290322580645154,4.031281055212021,0.4685105978474021,0.4249480333896354,0.09546388610079884,0.11799384120479225,0.09529849150404333,0.10535053909197449,0.16732295234687627,0.16278035884164274,0.677169145155698,0.3229728549544234,0.6942416125908494,0.3053807003623806,22.98131023361286,67.79661065853519,6.415686894893646,20.310068130493164,6.991203579902649,21.23697280883789,0,1,0.0,68.839,29.053,9028.8,9784.0,
initial,42,42000,0.00012258064516129302,3.9812370026111603,0.43763066264986994,0.4266055144108832,0.0941094900071621,0.11814594002068043,0.09408774024620652,0.1048015653733164,0.16776916138827802,0.17701373620145022,0.6752670883238315,0.3258204769063159,0.6677943635100965,0.3309741518222945,23.043987455083737,105.1545619556446,6.474859055638313,18.05021858215332,7.066409499406815,21.04301643371582,0,0,0.001,69.646,28.717,9028.8,9784.0,
initial,43,43000,0.00011612903225806387,3.904931832075119,0.4404921803548932,0.441634196119383,0.09216854288056493,0.11330891677737236,0.09309234283864498,0.10051382670551538,0.1657165861874819,0.1751375061944127,0.6782696729749441,0.32175190549751276,0.6672191375112161,0.33312301808141637,22.837227764666537,81.948072043414,6.557853878736496,16.540504455566406,6.909321871161461,18.363927841186523,0,0,0.0,75.936,26.338,9028.8,9784.0,
initial,44,44000,0.0001096774193548411,3.856775339126587,0.4295002852529287,0.4275339798331261,0.0903871074616909,0.11434946478158235,0.09011779148504138,0.10035727802291512,0.1626939044687897,0.17922772182151675,0.6804338883906603,0.31997567582767805,0.6609438126692548,0.33903157255158295,22.789512010370913,96.25744549659356,6.504087985038757,17.353200912475586,6.944235409021378,26.358627319335938,0,0,0.0,72.759,27.488,9028.8,9784.0,
initial,45,45000,0.00010322580645161233,3.8285276017189025,0.4351941917873919,0.43735385715216396,0.08861382019147276,0.1122306969575584,0.0897031083330512,0.09980376609042287,0.15901826726458967,0.17715429692715406,0.6876440756432712,0.31216880382038653,0.6595716096856631,0.34020602782012427,22.71917914295372,79.66773538476099,6.603247609853745,21.153907775878906,6.743906729698181,23.007137298583984,0,0,0.0,68.166,29.34,9028.8,9784.0,
initial,46,46000,9.677419354838902e-05,3.7961364228725434,0.4370951424911618,0.45088824087940155,0.0881476642563939,0.10989151166006923,0.08776982961222529,0.09778242632932961,0.15724160435423254,0.17569402568787337,0.6905697380155325,0.30942802054958884,0.663677156958729,0.33667170319816797,22.909565195425387,80.64854431801129,6.602004664540291,25.230518341064453,6.750364432573319,21.182706832885742,0,1,0.0,74.053,27.008,9028.8,9784.0,
initial,47,47000,9.032258064516081e-05,3.7885350685119628,0.4371236544661224,0.44985896166786554,0.0861204266063869,0.11064850979670882,0.0867284228540957,0.10004419461637735,0.1582737081553787,0.173961365358904,0.6875527126342058,0.3129925362812355,0.663862380027771,0.33543991121131694,23.064755203127323,74.33587210424369,6.696445904374123,19.874652862548828,6.807652542710304,20.350072860717773,0,1,0.001,70.185,28.496,9028.8,9784.0,
initial,48,48000,8.38709677419368e-05,3.714246662378311,0.44012943004071714,0.4477238412424922,0.08444701637327671,0.10794148249924183,0.08492753462865948,0.09557414558902383,0.1561684195995331,0.17066259925812483,0.6874603192359209,0.3129031427031296,0.6637695315929595,0.33613735236780484,22.827767359353633,98.64720199500698,6.689438375711441,26.173864364624023,6.604294078052044,20.271297454833984,0,1,0.0,68.476,29.207,9028.8,9784.0,
initial,49,49000,7.741935483870928e-05,3.681474992990494,0.43424791181087496,0.45117075387015937,0.08334980242326856,0.10701055879890918,0.08272732362151146,0.09576321967318654,0.15960921354591848,0.17640857372432947,0.6820303567498922,0.3187057303956244,0.6583713458515704,0.34179544886003715,22.78065412202164,70.59653580702651,6.737774124145508,23.505809783935547,6.997548244476318,20.03583526611328,0,1,0.0,68.038,29.395,9028.8,9784.0,
initial,50,50000,7.09677419354843e-05,3.6060609476566317,0.4340759006291628,0.4482768920473754,0.08147285908460616,0.10463149624317884,0.08080199629440904,0.09173092431761325,0.15400326892919838,0.17447922331281007,0.6905746844410896,0.30900872041241384,0.6600223716944457,0.34090388837154023,23.17050213995335,200.85123500749833,6.824459374189376,19.837692260742188,6.8299502687454225,21.848974227905273,0,0,0.001,68.135,29.354,9028.8,9784.0,
initial,51,51000,6.45161290322577e-05,3.5706682386398314,0.4274735235907137,0.4577388548832387,0.080201959554106,0.10294547683000564,0.07948930520564318,0.09130699359625578,0.15528304189443587,0.1766114517925307,0.6867627776265144,0.3142413820619695,0.6536396738141775,0.345419884567149,22.486442174924193,69.03518485929071,6.841552845001221,20.26260757446289,6.844562821745873,20.573856353759766,0,0,0.0,71.344,28.033,9028.8,9784.0,
initial,52,52000,5.8064516129031934e-05,3.5732898740768433,0.4392404343150556,0.4629504522755742,0.07939317268878221,0.10279024544358253,0.07847472341358662,0.09137823502346873,0.15589275610819459,0.17365753301978112,0.6848623044490815,0.31406133654090806,0.6568345546349883,0.3434930370012298,23.07109522060883,102.68793738932797,7.088448537230492,23.185529708862305,6.951588559389115,17.288990020751953,0,0,0.0,68.98,28.994,9028.8,9784.0,
initial,53,53000,5.1612903225806166e-05,3.581618983030319,0.438948660813272,0.4794631046950817,0.07796799602359533,0.10357950011640787,0.07728671493381262,0.09225973495841026,0.15207239624857902,0.17163053496181965,0.6874305836856365,0.3121932320583146,0.6606022852426395,0.34029945752071217,24.0757864795161,112.65373525147088,6.905874250292778,22.59940528869629,6.967294467926026,19.423715591430664,0,0,0.0,69.642,28.718,9028.8,9784.0,
initial,54,54000,4.5161290322580406e-05,3.5377674143314364,0.44191041696071626,0.47513514656573536,0.07697355763614178,0.10241736512631178,0.07531013648584485,0.09005238773114979,0.1512785354349762,0.17353097644262017,0.6884043505936861,0.312481127402978,0.6535918756872415,0.34482090169074947,23.613765101047836,119.5000671692068,7.069554385662079,20.13593101501465,6.984224686384201,19.841793060302734,0,1,0.0,78.316,25.538,9028.8,9784.0,
initial,55,55000,3.870967741935464e-05,3.5200770909786225,0.4414076441004872,0.485854570467025,0.07580952623486518,0.10116860688850284,0.07544653207063674,0.08916017586365342,0.1460091832894832,0.16728155945800244,0.6944598844945431,0.30493732243734123,0.6606185372471809,0.3398256818379741,23.468912383955537,102.8022037987665,6.964334578514099,18.33139991760254,6.8553503266572955,17.268762588500977,0,0,0.0,78.699,25.413,9028.8,9784.0,
initial,56,56000,3.225806451612885e-05,3.4626108965873716,0.4400121118500829,0.49468410963192583,0.0746619620807469,0.09769854752719402,0.07366543271765112,0.08719648197479546,0.1469558533895761,0.17051787752471864,0.6924747402369976,0.3076098029408604,0.6562842917814851,0.3437434036247432,23.201173228756215,130.31532272498788,7.203328007817269,19.558835983276367,7.024021755814553,17.574535369873047,0,0,0.0,77.181,25.913,9028.8,9784.0,
initial,57,57000,2.5806451612903083e-05,3.4595066933631897,0.44615072903782127,0.4995622016489506,0.07354990005493164,0.09776466342061758,0.07281740667298436,0.08731221902556717,0.1470156812146306,0.16811556586436927,0.6916715661734343,0.30929797259671615,0.6565264804913313,0.3431343992687762,23.266246285558967,75.1863814686722,7.380546143889427,23.47447395324707,6.999288889408112,20.46127700805664,0,0,0.0,78.892,25.351,9028.8,9784.0,
initial,58,58000,1.935483870967732e-05,3.4394987933635712,0.44768984004110096,0.5132408864311874,0.0729184736199677,0.09628568658605217,0.07065204347670079,0.08665324909053743,0.14256798770092427,0.1695918331425637,0.697591885626316,0.3016369477487169,0.6542331964597106,0.3456736640185118,23.421161878543543,61.777928148466664,7.207212304592132,21.705810546875,7.149219163417817,16.727548599243164,0,0,0.0,76.557,26.124,9028.8,9784.0,
initial,59,59000,1.2903225806451543e-05,3.391152079343796,0.44070138137042525,0.517322400815785,0.07158373774960637,0.09395148771628738,0.07029059172421694,0.08526461626775562,0.14394401133991777,0.17109997768700122,0.6927997308373451,0.3079323887847713,0.6487904474586248,0.35093021211028097,22.866917482980064,73.6859729328915,7.279447026848793,25.024707794189453,7.154077520608902,16.685922622680664,0,1,0.0,75.88,26.358,9028.8,9784.0,
initial,60,60000,6.451612903225771e-06,3.3700836493968964,0.4399625179320574,0.5182592575214803,0.07070780643820762,0.09328751862049103,0.06893380451202392,0.08544791840203106,0.14241070514917373,0.16875918001681567,0.6912912284731865,0.30878250253060835,0.6484138651192188,0.3518719370849431,22.692866421271734,87.05888026953801,7.237334629535675,22.56591796875,6.9835449488162995,16.1304931640625,0,0,0.0,73.009,27.394,9028.8,9784.0,
